{
  "test_set": "src/sample-test-set/austin_test_raster.npz",
  "source": [
    34,
    829
  ],
  "target": [
    510,
    152
  ],
  "raster_shape": [
    540,
    864
  ],
  "algorithms": {
    "pure_apex": {
      "algorithm": "Pure A*pex",
      "runtime_seconds": 260.0250971317291,
      "nodes_expanded": 4367010,
      "solutions_found": 7,
      "pareto_front": [
        [
          1064.0163773909294,
          148853.421875,
          892.9152448475361
        ],
        [
          1234.082394568912,
          135077.09375,
          908.5264133177698
        ],
        [
          1790.3708498984827,
          111578.203125,
          890.2804021239281
        ],
        [
          2029.8653659887132,
          124723.6875,
          788.6021240055561
        ],
        [
          2140.627775935472,
          101386.765625,
          882.7920741587877
        ],
        [
          2654.0634175226387,
          83635.4921875,
          856.73073092103
        ],
        [
          3060.5457403040327,
          75859.8671875,
          830.9876726269722
        ]
      ],
      "hypervolume": null
    },
    "single_objective": {
      "algorithm": "Single-Objective A*",
      "runtime_seconds": 0.6739556789398193,
      "nodes_expanded": 211022,
      "solutions_found": 1,
      "pareto_front": [
        [
          1048.2762620207516
        ]
      ],
      "hypervolume": null
    },
    "emo_astar": {
      "algorithm": "EMO+A* (Weight Sampling)",
      "runtime_seconds": 35.41866493225098,
      "nodes_expanded": 4276178,
      "solutions_found": 10,
      "pareto_front": [
        [
          3679.49610051697,
          39860.358446121216,
          795.1830151081085
        ],
        [
          4884.516661990025,
          34667.02697134018,
          851.4155927300453
        ],
        [
          4540.644512263874,
          35082.774722099304,
          800.1433777138591
        ],
        [
          4441.264786586901,
          35150.97875595093,
          813.0653401687741
        ],
        [
          4866.149129621878,
          34670.80891942978,
          853.949926763773
        ],
        [
          4640.384627634054,
          34855.56668663025,
          822.4738274589181
        ],
        [
          4882.516661990026,
          34667.44628286362,
          849.4155927300453
        ],
        [
          4130.120558922108,
          36413.93573188782,
          786.8245160579681
        ],
        [
          4886.658797613756,
          34667.02697134018,
          849.4155927300453
        ],
        [
          1653.5180361560972,
          95176.84078025818,
          824.7806176543236
        ]
      ],
      "hypervolume": null
    }
  }
}